id,prediction
0,4.931400133743357
1,3.944892991264286
2,0.4386010334402908
3,23.188738459100815
4,331.7517867212103
5,739.8977605069274
6,1577.572070675312
7,2224.2472230796925
8,2429.598966951574
9,2650.4667697547206
10,2777.551061018431
11,2634.599962630337
12,2375.5997184699636
13,2448.992513108572
14,2357.9087900953045
15,1682.184649144061
16,1016.0319453279984
17,555.0383829856335
18,194.89479399919014
19,21.870674922846874
20,0.0
21,1.9174386380180168
22,0.0
23,0.0
24,0.0
25,2.054234339038252
26,4.531299410492783
27,193.64967881603417
28,815.53593287684
29,1569.7254318662613
30,2234.734132946005
31,3093.2539400828127
32,4085.196322573884
33,4394.54924595199
34,4338.913500646777
35,4046.839645489343
36,3762.6595799305205
37,3497.1695475445968
38,3511.4454890457196
39,2883.672595400495
40,1884.7761586946513
41,843.3638618944524
42,341.7647622922482
43,74.92447708519063
44,5.062591674822839
45,1.4811883645659574
46,0.0
47,1.822010543825563
48,0.0
49,0.0
50,0.0
51,270.6495714422359
52,748.6766682945231
53,1676.9505188811856
54,2893.4091897870026
55,3731.034461296869
56,4290.026235494704
57,4609.131014857871
58,4662.211840995695
59,4418.442165767785
60,4016.7230835125865
61,3534.6144096885023
62,3246.986079976754
63,2123.905360904299
64,1256.4175463114584
65,812.4397732182358
66,421.2089522934612
67,114.45670163876774
68,0.0
69,0.0
70,0.0
71,0.0
72,0.0
73,0.3070799811111904
74,6.182270267156334
75,133.9664309673575
76,493.7676301421389
77,1483.0036905213406
78,2859.3495620661897
79,4064.388025674046
80,3950.110335665764
81,3436.367690421202
82,3440.213349117455
83,3546.172002069405
84,3358.7865273580665
85,2956.038586788815
86,3307.048373061449
87,2931.4510567721536
88,2036.9975079481485
89,738.6928733608565
90,294.2145683371868
91,114.90864908971143
92,0.0
93,1.8371201760669313
94,0.0
95,12.70432742828575
96,0.0
97,0.0
98,11.414660018749647
99,232.9787926265161
100,685.7790785197656
101,1401.5755244483785
102,2750.736744203044
103,3673.463038453917
104,4454.249900025489
105,4599.84760372584
106,4618.498875091268
107,4497.185593417784
108,4128.40887667064
109,3790.5219622110517
110,3284.5935145346966
111,2695.79767886685
112,1742.860552646569
113,980.7611490851515
114,437.7059154357388
115,152.5096050326697
116,21.48659866191347
117,0.0
118,0.0
119,7.811869405620267
120,0.0
121,0.0
122,33.41280368214869
123,183.028726013643
124,664.8355927229649
125,1529.155494880894
126,2658.9627162524607
127,3751.768068763538
128,4114.83935347099
129,3701.942865332439
130,3591.911736146178
131,3137.371236122981
132,2833.7395383387598
133,2919.6671737826473
134,3140.9877768631272
135,2421.641763502724
136,1466.487386740431
137,905.0556684635101
138,423.92715702078056
139,185.05168211678313
140,20.43476148562484
141,0.0
142,1.2167582261598922
143,5.589780312023348
144,0.0
145,0.0
146,54.8038180147327
147,264.38810860130855
148,724.4809497036508
149,1642.7178794985875
150,2769.8843922759447
151,3712.2059369206518
152,4376.641142462351
153,4572.961279744781
154,4368.540238691879
155,4164.784798320485
156,3716.1549312022603
157,3282.6262274724154
158,3013.0884940958995
159,2441.8978150049693
160,1520.3639834925746
161,847.7873117672837
162,465.1975980203488
163,175.77038840730376
164,3.1113959163789913
165,0.0
166,0.0
167,0.0
168,0.990646052243287
169,0.0
170,15.751348237548934
171,85.67751195384591
172,175.76140349983996
173,273.9281887777608
174,405.1200715242454
175,571.9946271322135
176,636.3320422466084
177,770.1747361664967
178,891.4918118415204
179,1154.1921136198305
180,1687.2830730808396
181,1947.7327384292996
182,1911.1543478774138
183,1808.5530486159914
184,1300.6077856448353
185,640.6984219926924
186,288.4851267067605
187,97.577450705194
188,13.926473799221402
189,0.0
190,0.0
191,0.0
192,0.0
193,0.0
194,44.16604946837894
195,183.33685129956712
196,402.25945774812016
197,626.0527672474448
198,1168.1378676220695
199,1921.2939874484412
200,1560.9058690503075
201,2051.529702478429
202,2419.1728332898215
203,1866.7698172870948
204,2390.550320607314
205,2651.321107918789
206,2391.0247697598306
207,1358.5846649719085
208,705.7532518289402
209,318.8571253559289
210,205.07610410382878
211,93.0350218508734
212,11.685709641488794
213,14.554972588190097
214,7.238983098276112
215,0.0
216,0.0
217,0.38975471805859474
218,24.897316276917007
219,46.38746856215026
220,119.72439203587942
221,285.77917446538214
222,572.6946275282364
223,1059.7522608618049
224,1732.1859914363315
225,1744.518599193385
226,1530.3050278111755
227,1480.1138363806187
228,1046.2044012583808
229,950.8487077472338
230,784.8954070347963
231,668.2018425756121
232,421.8143024241962
233,289.40139748011137
234,177.43660996626065
235,40.99289584725803
236,14.096499268239967
237,0.0
238,0.0
239,0.0
240,2.8544695309635717
241,4.395672003885386
242,38.931400820248264
243,152.00818059802768
244,286.92159582291805
245,668.0654919601012
246,1074.8757908340801
247,1866.6583909636868
248,1859.5412822203114
249,1030.4932175770152
250,928.8135575960619
251,1217.7365059474628
252,1783.473821005287
253,1704.543835650945
254,1576.895158002829
255,1563.0878709710003
256,1254.752039941237
257,674.0797097973879
258,469.63079023455555
259,188.94549736969134
260,23.455423179380993
261,0.0
262,0.0
263,0.0
264,3.4461180938505183
265,9.545275997737331
266,39.62787861069577
267,173.23838287049875
268,350.1532008070337
269,669.1823334555631
270,1051.2345202693455
271,1405.315747595835
272,1429.469219351393
273,1704.3743322756388
274,1675.5324061102656
275,1606.9855828465645
276,1579.7053177608718
277,1283.3343195239074
278,1314.2166372479012
279,1080.305507698828
280,743.1686382058518
281,380.70175430736305
282,257.14945329339724
283,82.67297098141242
284,50.25983148753136
285,23.440153349637757
286,19.079168502895136
287,5.173041805941035
288,0.0
289,0.0
290,69.47006331874775
291,188.0023171358559
292,446.3100568747837
293,761.515147223526
294,1304.56239916712
295,1726.677944862235
296,1850.5348280954568
297,2358.7358038388843
298,2586.705898045794
299,2573.001616512202
300,2159.9217280363027
301,2130.537564314828
302,1910.8605482602536
303,1599.863450233583
304,1082.8060268606296
305,647.2716024556901
306,402.90941737482143
307,179.96282250694685
308,48.57835301716913
309,14.451500053302365
310,3.60166781363699
311,0.0
312,6.356784360134155
313,14.609344046965285
314,78.368203568911
315,241.86971357411286
316,570.7404397461293
317,895.5778578866506
318,1512.429002566257
319,2099.7195229295344
320,2682.3308441830277
321,3002.472766867653
322,3096.1776522899636
323,2910.0079994509324
324,2442.2834183718555
325,1895.3279315849322
326,1517.2385420295548
327,961.9344128618724
328,605.0120743398701
329,355.32799383434633
330,185.29437089847366
331,63.936004409292444
332,6.87324507502649
333,0.0
334,2.539036634839122
335,5.328449180288175
336,0.0
337,0.0
338,32.74755699984078
339,101.51968155085304
340,220.6535738236851
341,515.4466294651268
342,797.1020644592068
343,1048.1542784825015
344,1154.5908683403172
345,1484.0554201011057
346,1477.2129900846849
347,1659.5397223768186
348,1663.479766214046
349,1622.3427110444782
350,1445.1940503005096
351,1204.678678758853
352,781.5179619485438
353,414.50874337730096
354,271.4082084036647
355,89.1152205430944
356,26.315431904744578
357,0.0
358,0.5969247655565955
359,0.0
360,2.2126824334359965
361,1.5278362324655328
362,60.853106788258074
363,177.38632472928265
364,329.3330254842106
365,559.0274919396871
366,857.3744525981635
367,1327.7983581600517
368,1599.817126986605
369,1875.3417215454062
370,1920.8585610436114
371,2140.439866415178
372,2291.344978872846
373,1995.856472128379
374,1467.9680344027186
375,1268.2668925523021
376,959.953561076312
377,764.3856073831972
378,345.93072785399664
379,57.362313380026
380,14.157761741666526
381,0.0
382,0.0
383,0.0
384,0.0
385,0.0
386,56.11113685180504
387,134.67961739818512
388,254.6171348159663
389,447.8213244307752
390,654.8627586587847
391,948.1916991087785
392,1114.98138523588
393,1341.6252395401411
394,1530.6397443107553
395,1619.22008738405
396,1769.35034374784
397,1812.7981438343602
398,1561.707575341739
399,1071.2522430892982
400,887.4479366253629
401,679.1247460553849
402,510.0315644941361
403,275.08530821503047
404,94.89120350355613
405,0.0
406,0.0
407,0.0
408,0.0
409,28.60218011734923
410,211.27525761008766
411,537.4872102134352
412,1105.2174924968867
413,2267.5621721492334
414,3363.117783914759
415,4291.127326666558
416,4772.738049078375
417,5048.385923620209
418,5076.555363587336
419,4914.269627522609
420,4638.426517833583
421,4155.398819594524
422,3576.0333054820267
423,3074.0881862796487
424,2194.4848548367468
425,1173.8605492185616
426,636.4825600507165
427,317.68631779062923
428,109.71534493135447
429,0.0
430,0.0
431,0.0
432,0.0
433,2.324579776755769
434,132.09035754541463
435,425.9390658351343
436,889.3163400273685
437,1737.7744209235755
438,2306.1667585926766
439,3268.472801381194
440,3763.081042079245
441,4226.456966365508
442,3610.1192207931135
443,2705.2584748643408
444,1838.5326965643205
445,1445.6822249833651
446,1037.0040181264014
447,1207.5203550209153
448,1336.5280604412778
449,715.9208104030453
450,351.6188429692808
451,173.40254972602975
452,88.66264966532768
453,0.0
454,0.0
455,3.353297133629366
456,0.0
457,12.751466981073765
458,82.55774486892419
459,207.68489168792692
460,402.2698238194989
461,960.0542254525587
462,2371.7061376633
463,3610.0873851955694
464,3760.1766625259856
465,3834.563340136709
466,4270.558328141213
467,4336.456478917488
468,4057.3359424957976
469,3721.207423480939
470,3341.715779134441
471,2887.2416637989204
472,2147.033247852513
473,1224.4355642729918
474,628.096158116911
475,321.5873776637135
476,130.97994356052504
477,0.0
478,0.7048658505908731
479,3.3397173396116857
480,0.0
481,0.0
482,62.89737845676286
483,235.7791246512745
484,660.5902038482783
485,1709.529004748206
486,2624.4640871034153
487,3389.2973175974566
488,4150.33347224438
489,4576.294920302141
490,4622.779909249306
491,4526.827769145221
492,4267.208434549819
493,3826.676819082388
494,3344.795317072154
495,2853.1278283334377
496,2030.481851317744
497,1222.88659390961
498,621.4238689810836
499,304.1092081449731
500,118.88265827596675
501,0.0
502,0.0
503,0.0
504,0.0
505,0.0
506,178.78160445009402
507,457.5226466483356
508,872.7135934236454
509,1842.8791078492004
510,2750.642338061908
511,3670.245732397424
512,4448.06772025984
513,4655.861791559388
514,4406.531261510556
515,3611.020693207862
516,3106.7500628325183
517,3214.2609987689593
518,2306.5721858139946
519,2033.8735936267658
520,1479.664077109615
521,875.0480461327797
522,418.207554679132
523,234.7546554665753
524,112.10288026760072
525,27.536734390311082
526,8.273148647676779
527,5.159636629119189
528,0.0
529,0.0
530,0.0
531,21.14606448183145
532,168.50075898500043
533,615.8432527939353
534,847.2818971539432
535,1251.9625458399441
536,1192.1063540118364
537,613.456882530348
538,1297.9836840542862
539,2553.006722333089
540,3320.376457680226
541,3485.9394671632535
542,2990.294222956366
543,2474.9940547566816
544,1758.2495857136696
545,1009.9761260458203
546,483.99779291191055
547,240.4417682071123
548,75.56639817949312
549,0.0
550,0.0
551,0.0
552,0.0
553,0.0
554,45.93864093356721
555,93.51229892183136
556,155.75759601773603
557,234.62442390487996
558,382.0938312342437
559,689.5582606611745
560,1059.1182600367417
561,1161.3239922972132
562,1201.2746697266393
563,1061.095699769306
564,967.4779223029859
565,1467.5425991867369
566,1930.1286497290266
567,2233.868329538382
568,1533.3899182373275
569,845.364426278147
570,410.8925165915359
571,144.33996033541706
572,29.910566365130144
573,0.0
574,0.0
575,0.0
576,0.0
577,28.105557853341566
578,123.13183077840098
579,359.5376573932332
580,898.1897017189656
581,1862.9949079678197
582,2726.118012278713
583,3747.1244906942093
584,4060.742879815332
585,4172.340641296513
586,4136.2752725929895
587,4032.3201644413157
588,3589.8094698512396
589,3072.529723121874
590,2456.020182713655
591,1962.421870568165
592,1434.3353747374856
593,834.9959000826776
594,345.92695132768887
595,187.74412908227322
596,55.51209845294185
597,16.844238419222293
598,7.059054880198532
599,0.0
600,0.0
601,0.0
602,71.78672274678902
603,286.9110454906981
604,821.9373889044051
605,1823.2454862159248
606,2776.8281774346615
607,3772.4742308240347
608,4223.354233772586
609,4495.310326082364
610,4534.039453898298
611,4486.360558737825
612,4205.980781016945
613,3704.715047496054
614,2876.9653925527364
615,2091.5513260220423
616,1406.2512065223527
617,852.267131770799
618,465.3367509796284
619,185.487692631598
620,62.19428281293335
621,22.237647392152798
622,9.179222862583197
623,0.0
624,0.0
625,0.0
626,77.99394378504287
627,218.49054498226306
628,408.0090403809278
629,660.2050574031551
630,819.4631504277893
631,1001.0276229884302
632,909.7899161295649
633,1248.3288111404722
634,1470.2304462302222
635,1140.8059556328544
636,958.8321862709992
637,964.4961504330292
638,863.8884793698448
639,753.8937415579381
640,493.04281058725707
641,195.9770861975953
642,86.09175250044825
643,50.56785743163521
644,0.0
645,15.035460427682267
646,10.651833812543671
647,11.419194440076405
648,39.391327072100744
649,27.69437640414898
650,87.92894912919793
651,117.70418598970373
652,153.1350593999161
653,283.4568296688655
654,399.0964972537256
655,584.9264023251897
656,527.6046563847077
657,544.6041551720899
658,504.7964754671173
659,458.7544335029625
660,757.213737797462
661,905.1295081947185
662,814.1301724090546
663,707.678296215488
664,536.8848510606017
665,320.98784649059513
666,185.31861371358593
667,99.76504142401035
668,26.739872207416962
669,7.947212175539194
670,0.0
671,0.0
672,0.0
673,23.417618353523856
674,156.57016451956443
675,353.28151365974935
676,660.5258928022895
677,1432.154301404265
678,2317.374301931218
679,3066.4030648898174
680,3446.247733426134
681,3554.607625266167
682,3549.508676309209
683,3455.7841613464293
684,2941.571641675543
685,2844.404655431646
686,2423.5159969348915
687,1662.8853122055925
688,1063.6523565074708
689,535.4564116682637
690,215.27032552362033
691,100.65463910067433
692,12.26714144797245
693,0.0
694,0.0
695,0.0
696,0.0
697,54.93514000746907
698,122.73094673125911
699,154.7714165738047
700,416.40321022570004
701,368.69734369510763
702,507.80019393942393
703,750.9167044839038
704,1190.0660336637202
705,2300.921153459374
706,2482.4739515170368
707,2871.7366930561784
708,3033.6455559429414
709,2621.5595405481363
710,1606.3219980101271
711,1166.081030285471
712,751.8058814437699
713,511.4403608709114
714,309.9356353492508
715,205.79732659037032
716,64.8714865488697
717,6.147181846317107
718,18.82799937682782
719,42.271826486809104
720,0.12979070842266083
721,0.0
722,0.0
723,4.035849571228027
724,47.557762145996094
725,152.63687133789062
726,309.26312255859375
727,441.2629699707031
728,419.8800354003906
729,457.64349365234375
730,539.977783203125
731,543.62548828125
732,455.69775390625
733,458.10052490234375
734,464.5155334472656
735,327.3855895996094
736,226.79299926757812
737,106.72061157226562
738,38.450157165527344
739,3.0252797603607178
740,0.0
741,0.0
742,0.01812305673956871
743,0.0
744,0.03341565281152725
745,0.0
746,0.5501512289047241
747,21.68367576599121
748,107.56393432617188
749,211.57571411132812
750,294.3020324707031
751,458.94110107421875
752,513.9781494140625
753,613.9521484375
754,729.3837890625
755,592.8518676757812
756,640.7611083984375
757,637.3182373046875
758,569.9456176757812
759,409.67138671875
760,264.41412353515625
761,128.6229705810547
762,57.420654296875
763,10.69985580444336
764,0.24461737275123596
765,0.14563369750976562
766,0.3216175436973572
767,0.8113089203834534
768,3.5054068565368652
769,1.9718875885009766
770,2.129016637802124
771,35.21199417114258
772,139.4725799560547
773,308.573486328125
774,492.82916259765625
775,635.1800537109375
776,828.6953735351562
777,931.0134887695312
778,984.6878662109375
779,886.5277709960938
780,846.7733764648438
781,782.2416381835938
782,646.8834228515625
783,439.72344970703125
784,280.4306640625
785,163.98841857910156
786,79.1188735961914
787,15.004216194152832
788,0.8306859731674194
789,0.41172537207603455
790,0.1824459582567215
791,0.0
792,0.0
793,0.0
794,1.4457423686981201
795,23.87037467956543
796,101.86264038085938
797,236.16107177734375
798,393.24310302734375
799,610.6668701171875
800,687.8211059570312
801,690.1014404296875
802,660.098876953125
803,717.0374755859375
804,641.1964721679688
805,568.4638671875
806,669.569580078125
807,487.8958740234375
808,342.9217834472656
809,161.77122497558594
810,68.0991439819336
811,17.86057472229004
812,1.94019615650177
813,0.015910355374217033
814,0.0
815,0.12715615332126617
816,0.9975312352180481
817,0.0
818,4.846828937530518
819,45.016056060791016
820,125.05033874511719
821,247.7113037109375
822,417.80322265625
823,604.13427734375
824,833.68603515625
825,864.9141845703125
826,929.2907104492188
827,961.4797973632812
828,904.1734008789062
829,837.3316040039062
830,716.8029174804688
831,512.3043823242188
832,300.5404968261719
833,156.67453002929688
834,68.98516845703125
835,29.7901668548584
836,1.363537311553955
837,0.0
838,0.834292471408844
839,0.0
840,0.8487288355827332
841,0.0
842,8.325434684753418
843,59.45071792602539
844,168.9728240966797
845,328.5090637207031
846,504.37042236328125
847,645.7838745117188
848,735.56103515625
849,736.607421875
850,723.4728393554688
851,722.2361450195312
852,692.83935546875
853,654.743896484375
854,655.5310668945312
855,499.061279296875
856,302.3315124511719
857,179.8731231689453
858,86.57108306884766
859,26.314775466918945
860,2.0419435501098633
861,0.0
862,0.0
863,0.0
864,0.0
865,0.0
866,6.396458625793457
867,56.53013229370117
868,168.06494140625
869,353.24786376953125
870,545.23779296875
871,723.1011962890625
872,864.1510009765625
873,937.3250732421875
874,879.756591796875
875,813.0742797851562
876,765.6123046875
877,726.3499145507812
878,669.4454956054688
879,501.84613037109375
880,304.3992004394531
881,177.92831420898438
882,93.163818359375
883,30.961624145507812
884,1.7819348573684692
885,0.15388549864292145
886,2.9714467525482178
887,23.296934127807617
888,8.379234313964844
889,0.0
890,0.0
891,11.256726264953613
892,22.094768524169922
893,48.28799057006836
894,79.60883331298828
895,130.61607360839844
896,163.67764282226562
897,182.2650604248047
898,213.733642578125
899,300.67926025390625
900,391.572509765625
901,439.9974670410156
902,358.0091247558594
903,312.48040771484375
904,256.8906555175781
905,106.89807891845703
906,55.57400894165039
907,20.278499603271484
908,1.4026427268981934
909,0.0
910,0.0
911,0.0
912,0.23246590793132782
913,0.495003342628479
914,8.721084594726562
915,26.76365089416504
916,71.58625793457031
917,133.50872802734375
918,220.22250366210938
919,409.3631896972656
920,375.43780517578125
921,408.58123779296875
922,377.6334533691406
923,470.32177734375
924,497.2618103027344
925,518.1298217773438
926,469.9553527832031
927,357.7773132324219
928,196.5126953125
929,110.53924560546875
930,61.6402702331543
931,26.041921615600586
932,7.431118011474609
933,1.254075288772583
934,0.0
935,0.0
936,0.0
937,0.8121936321258545
938,3.340174674987793
939,21.67103385925293
940,31.348236083984375
941,56.19562911987305
942,138.3135528564453
943,247.93710327148438
944,402.9620361328125
945,471.42938232421875
946,414.25897216796875
947,428.49810791015625
948,308.82281494140625
949,272.6950378417969
950,211.58761596679688
951,159.30133056640625
952,89.37037658691406
953,66.19012451171875
954,51.62815475463867
955,23.177385330200195
956,9.2667818069458
957,0.0
958,0.0
959,0.0
960,0.5830466151237488
961,0.0
962,2.750326156616211
963,27.17899513244629
964,51.86306381225586
965,156.10548400878906
966,222.68748474121094
967,420.2201843261719
968,413.0511474609375
969,297.2906494140625
970,228.5974578857422
971,337.73455810546875
972,450.7010498046875
973,450.8121643066406
974,342.5074462890625
975,286.131103515625
976,217.39076232910156
977,161.30746459960938
978,92.9354248046875
979,36.91368865966797
980,5.919394493103027
981,0.11753561347723007
982,0.0
983,0.0
984,1.153985857963562
985,0.0
986,17.00750160217285
987,41.510032653808594
988,90.3755111694336
989,186.77757263183594
990,265.28900146484375
991,336.1651611328125
992,410.10302734375
993,492.6203308105469
994,469.4378967285156
995,499.55987548828125
996,417.2601318359375
997,304.4899597167969
998,241.1887664794922
999,203.42681884765625
1000,177.53067016601562
1001,118.13880920410156
1002,61.713409423828125
1003,27.36528205871582
1004,12.599139213562012
1005,8.826509475708008
1006,0.8338536620140076
1007,0.0
1008,0.0
1009,1.5977813005447388
1010,17.156015396118164
1011,49.987388610839844
1012,119.68925476074219
1013,186.15505981445312
1014,272.44659423828125
1015,333.0585632324219
1016,317.1268615722656
1017,432.9824523925781
1018,462.68768310546875
1019,442.3028869628906
1020,410.7396240234375
1021,395.4435729980469
1022,360.5956115722656
1023,291.62115478515625
1024,246.54124450683594
1025,135.78050231933594
1026,82.23955535888672
1027,43.22880935668945
1028,3.6556365489959717
1029,0.0
1030,0.0
1031,0.14081458747386932
1032,0.8239865303039551
1033,1.0363742113113403
1034,6.9820380210876465
1035,49.86826705932617
1036,129.37762451171875
1037,193.79080200195312
1038,306.9268493652344
1039,412.41571044921875
1040,475.5221252441406
1041,540.2582397460938
1042,550.8236083984375
1043,568.3417358398438
1044,504.5380554199219
1045,363.73956298828125
1046,257.24957275390625
1047,222.6005859375
1048,169.46389770507812
1049,116.59136962890625
1050,42.44027328491211
1051,15.630990028381348
1052,3.0192065238952637
1053,2.3748044967651367
1054,2.6725962162017822
1055,0.0
1056,0.0
1057,0.46618515253067017
1058,1.4041827917099
1059,18.08351707458496
1060,61.305477142333984
1061,154.89047241210938
1062,190.99681091308594
1063,248.2638397216797
1064,331.09259033203125
1065,394.6917419433594
1066,360.25811767578125
1067,359.0853271484375
1068,306.05584716796875
1069,330.4677429199219
1070,317.1514892578125
1071,283.0585632324219
1072,194.93984985351562
1073,128.65354919433594
1074,70.57538604736328
1075,36.65450668334961
1076,10.359038352966309
1077,0.0
1078,0.0
1079,0.0
1080,2.6194019317626953
1081,2.5044450759887695
1082,6.068225860595703
1083,44.40827560424805
1084,85.28645324707031
1085,136.4942626953125
1086,161.65081787109375
1087,258.2403259277344
1088,399.5891418457031
1089,516.285400390625
1090,465.2159423828125
1091,536.2601318359375
1092,480.8650817871094
1093,346.279052734375
1094,295.27093505859375
1095,259.35992431640625
1096,188.79888916015625
1097,153.7814178466797
1098,97.79010009765625
1099,29.775373458862305
1100,1.861941933631897
1101,0.0848735123872757
1102,0.0
1103,0.0
1104,0.0
1105,0.6170969605445862
1106,2.6327011585235596
1107,24.096481323242188
1108,76.74089050292969
1109,115.24115753173828
1110,160.01487731933594
1111,234.95030212402344
1112,290.7276306152344
1113,338.56329345703125
1114,391.6632385253906
1115,402.98040771484375
1116,429.0892639160156
1117,399.7464294433594
1118,312.858154296875
1119,218.57904052734375
1120,172.30014038085938
1121,146.67311096191406
1122,113.9784164428711
1123,49.859989166259766
1124,9.996475219726562
1125,2.224411964416504
1126,0.20680204033851624
1127,0.0
1128,0.5383291840553284
1129,2.6881566047668457
1130,33.281497955322266
1131,99.11940002441406
1132,207.3452606201172
1133,432.3680725097656
1134,593.1840209960938
1135,784.2242431640625
1136,909.2496948242188
1137,989.0703735351562
1138,1017.4664916992188
1139,1017.9036254882812
1140,1003.8084716796875
1141,921.331298828125
1142,729.0083618164062
1143,562.8209228515625
1144,420.8016357421875
1145,259.5589904785156
1146,153.26785278320312
1147,62.52335739135742
1148,15.656764030456543
1149,1.5603301525115967
1150,0.43111562728881836
1151,0.0
1152,0.25118786096572876
1153,4.800885200500488
1154,30.60498046875
1155,107.49239349365234
1156,197.93687438964844
1157,366.4330749511719
1158,500.9126281738281
1159,625.05224609375
1160,702.1723022460938
1161,864.3885498046875
1162,756.3633422851562
1163,562.320068359375
1164,406.3641052246094
1165,346.4851379394531
1166,364.5394287109375
1167,359.1820068359375
1168,256.98565673828125
1169,155.84353637695312
1170,84.35475158691406
1171,47.63015365600586
1172,20.090904235839844
1173,2.101755142211914
1174,0.0
1175,0.13168759644031525
1176,0.0
1177,0.17657867074012756
1178,14.565160751342773
1179,59.241722106933594
1180,124.78681182861328
1181,224.76527404785156
1182,441.5506286621094
1183,598.9271240234375
1184,744.5712890625
1185,702.1072387695312
1186,755.5191040039062
1187,946.244384765625
1188,954.9335327148438
1189,916.4117431640625
1190,736.4439697265625
1191,558.1396484375
1192,428.427978515625
1193,271.4021301269531
1194,149.53636169433594
1195,66.54253387451172
1196,18.768646240234375
1197,1.3337035179138184
1198,0.18552206456661224
1199,0.37682536244392395
1200,0.0
1201,3.0589613914489746
1202,31.867292404174805
1203,92.46944427490234
1204,212.6626739501953
1205,369.6552429199219
1206,457.2059020996094
1207,639.5093383789062
1208,715.6244506835938
1209,930.8995971679688
1210,943.4005737304688
1211,926.109619140625
1212,920.4047241210938
1213,817.9375610351562
1214,694.430908203125
1215,554.3097534179688
1216,433.5647277832031
1217,259.40362548828125
1218,150.8388671875
1219,67.30150604248047
1220,18.182937622070312
1221,1.82719886302948
1222,0.0
1223,0.0
1224,0.04764550179243088
1225,3.856062889099121
1226,33.603206634521484
1227,104.65673828125
1228,217.3011016845703
1229,344.1793212890625
1230,425.5357666015625
1231,661.873779296875
1232,794.8399047851562
1233,827.7308959960938
1234,839.4415893554688
1235,645.0469360351562
1236,570.7742919921875
1237,652.7963256835938
1238,449.73968505859375
1239,339.9092712402344
1240,308.48614501953125
1241,200.58648681640625
1242,120.95030212402344
1243,54.449649810791016
1244,18.556556701660156
1245,0.0
1246,0.0
1247,0.0
1248,0.0
1249,1.6902506351470947
1250,12.333910942077637
1251,54.39026641845703
1252,90.44049835205078
1253,172.8297576904297
1254,237.09239196777344
1255,282.4162902832031
1256,257.09765625
1257,195.3275909423828
1258,315.875244140625
1259,638.4259643554688
1260,766.981201171875
1261,826.4666748046875
1262,625.3041381835938
1263,516.70849609375
1264,357.84075927734375
1265,247.91998291015625
1266,114.86822509765625
1267,48.208534240722656
1268,13.644911766052246
1269,3.120183229446411
1270,1.321161150932312
1271,0.9667676091194153
1272,0.0
1273,0.37108832597732544
1274,8.692817687988281
1275,25.791095733642578
1276,40.29412841796875
1277,55.623844146728516
1278,89.90245056152344
1279,165.51646423339844
1280,269.7327575683594
1281,345.94378662109375
1282,334.8638916015625
1283,336.89361572265625
1284,270.8533935546875
1285,332.2055969238281
1286,368.05426025390625
1287,419.6215515136719
1288,300.14898681640625
1289,173.23658752441406
1290,77.26111602783203
1291,36.53107452392578
1292,9.669261932373047
1293,2.9144959449768066
1294,0.0
1295,0.0
1296,0.0
1297,1.8672146797180176
1298,26.569482803344727
1299,77.71774291992188
1300,140.19625854492188
1301,334.1657409667969
1302,508.4228210449219
1303,674.7042236328125
1304,775.5250244140625
1305,869.2999267578125
1306,845.7562866210938
1307,825.7398681640625
1308,795.2710571289062
1309,652.93896484375
1310,595.6858520507812
1311,424.5613708496094
1312,296.96478271484375
1313,189.09701538085938
1314,83.59923553466797
1315,44.64240646362305
1316,13.208028793334961
1317,2.648422956466675
1318,0.7950108051300049
1319,0.2661576569080353
1320,0.0
1321,0.5449841022491455
1322,22.54424285888672
1323,82.0930404663086
1324,179.4733123779297
1325,309.8305969238281
1326,432.9472351074219
1327,606.7363891601562
1328,721.3838500976562
1329,781.6490478515625
1330,874.1962890625
1331,898.1567993164062
1332,889.2094116210938
1333,734.0296630859375
1334,579.95947265625
1335,407.0893249511719
1336,227.2021942138672
1337,179.31027221679688
1338,112.69984436035156
1339,58.66713333129883
1340,22.903013229370117
1341,2.3433525562286377
1342,0.0
1343,0.0
1344,0.0
1345,8.236310005187988
1346,26.091533660888672
1347,59.606990814208984
1348,129.81056213378906
1349,206.00758361816406
1350,212.53195190429688
1351,246.80203247070312
1352,281.9258728027344
1353,359.7915954589844
1354,444.2542419433594
1355,367.4958801269531
1356,350.99853515625
1357,336.0826721191406
1358,266.09783935546875
1359,255.9607391357422
1360,156.6024169921875
1361,85.81163024902344
1362,53.60122299194336
1363,24.96817970275879
1364,7.190580368041992
1365,0.692608654499054
1366,0.8715965747833252
1367,0.0
1368,0.0
1369,1.5667475461959839
1370,3.637535810470581
1371,14.475309371948242
1372,25.212827682495117
1373,67.08663940429688
1374,97.764892578125
1375,150.20440673828125
1376,140.4774932861328
1377,154.012939453125
1378,159.79818725585938
1379,191.52890014648438
1380,259.5489196777344
1381,291.3184814453125
1382,279.9169921875
1383,215.81219482421875
1384,172.99017333984375
1385,129.62355041503906
1386,71.50377655029297
1387,29.148056030273438
1388,10.075194358825684
1389,0.34546366333961487
1390,0.0
1391,0.0
1392,0.0
1393,2.5331358909606934
1394,25.04183006286621
1395,76.16033172607422
1396,112.40538787841797
1397,218.26327514648438
1398,284.65899658203125
1399,440.2464904785156
1400,517.9246826171875
1401,641.61767578125
1402,654.1446533203125
1403,684.5126342773438
1404,622.6575317382812
1405,519.1387329101562
1406,401.3050231933594
1407,304.8424072265625
1408,158.2028045654297
1409,122.09538269042969
1410,91.7484130859375
1411,53.367252349853516
1412,18.602243423461914
1413,1.805453896522522
1414,0.0
1415,0.0
1416,0.8448491096496582
1417,0.1585874706506729
1418,15.062264442443848
1419,33.37035369873047
1420,79.25716400146484
1421,95.65584564208984
1422,96.13314056396484
1423,189.9501953125
1424,323.1076354980469
1425,402.0177001953125
1426,437.8575134277344
1427,519.5765380859375
1428,479.560546875
1429,407.2469177246094
1430,289.3729553222656
1431,250.4407958984375
1432,173.88925170898438
1433,107.06913757324219
1434,68.92459106445312
1435,41.51229476928711
1436,18.24755859375
1437,0.5171585083007812
1438,0.0
1439,0.042435385286808014
1440,0.0
1441,0.0
1442,0.0
1443,0.0
1444,10.813565669655695
1445,41.75245232213463
1446,110.94416116041482
1447,178.21683450506433
1448,247.98581034517068
1449,313.19922677723355
1450,350.1344726148721
1451,325.1774110465869
1452,243.22708637252592
1453,250.9019923498366
1454,278.838289768218
1455,226.59781815010783
1456,173.71323808903006
1457,101.8133384518325
1458,56.23334023177167
1459,14.707766594037544
1460,1.699901335218496
1461,0.007176357210732203
1462,0.018154216211660624
1463,0.018034278685845898
1464,0.0
1465,0.0
1466,0.0007693768939881014
1467,2.6425215704408536
1468,22.407164886085965
1469,67.90366036499624
1470,153.0205703299696
1471,245.17270666692013
1472,353.9591503306801
1473,446.47211471563816
1474,483.7493423795736
1475,476.4030122430772
1476,466.50297558083804
1477,431.2985809624401
1478,436.02195825119156
1479,380.8403164733543
1480,287.5970660242048
1481,180.6458343440539
1482,93.56897839452694
1483,35.59619870240442
1484,5.573885298992599
1485,0.2775429951179863
1486,0.109374209215932
1487,0.006680392695830482
1488,0.010082059275275071
1489,0.13026359756928638
1490,0.0
1491,5.893112833287109
1492,47.894616305908706
1493,128.59394183265832
1494,253.88010548090853
1495,377.25233516784357
1496,495.1396830587324
1497,553.348636612716
1498,606.1531903317764
1499,604.5306554176676
1500,572.9348734646852
1501,574.5638783856524
1502,528.9031007550875
1503,398.35690947601114
1504,281.6688119765397
1505,157.74099819615432
1506,98.4505011728262
1507,54.59778344604801
1508,12.19016757924369
1509,0.6677656220030123
1510,0.0
1511,0.0
1512,0.0
1513,0.0
1514,0.0
1515,8.682302263321814
1516,44.78849497860564
1517,96.93163344567722
1518,215.16635127160822
1519,345.5968680528677
1520,449.1405638325392
1521,452.51874920592417
1522,469.39889560629985
1523,487.98028150977683
1524,487.2377687408369
1525,462.67270605741066
1526,497.8546727281386
1527,468.8357471014688
1528,352.85906050852435
1529,189.71897551656602
1530,110.10857074991759
1531,59.55137704730375
1532,13.706545509325034
1533,0.9691947793196526
1534,0.18474957575344947
1535,0.0
1536,0.19096863918881302
1537,0.0
1538,0.43276490460858275
1539,13.282035269270258
1540,58.176726227482774
1541,122.78168100677831
1542,258.91895089096096
1543,392.6681817853024
1544,531.304526232024
1545,578.8637014712476
1546,627.5872091475173
1547,632.4138486474803
1548,660.4278013405121
1549,637.8704120845429
1550,583.8431758226939
1551,454.3685308359885
1552,335.6958627186492
1553,213.81933157288955
1554,127.81913649667824
1555,70.64246855070135
1556,17.74611422435114
1557,2.609156717470662
1558,1.1593835111423614
1559,0.8392181277608067
1560,0.0
1561,0.0
1562,2.119054883836682
1563,14.042723282093442
1564,61.95897102022737
1565,132.5154363670394
1566,275.94583818300765
1567,431.06981846612257
1568,511.47458102000775
1569,536.153127965949
1570,532.5198361005839
1571,516.28773652487
1572,512.4199420085108
1573,527.8899917065519
1574,540.3842861958076
1575,447.27871645691977
1576,344.6363332787034
1577,204.98913078243135
1578,130.3860382855383
1579,72.83026110198634
1580,16.658426941306193
1581,2.18934441709434
1582,1.0171006223119485
1583,0.0036782258417871723
1584,0.0
1585,0.0
1586,1.700453571539248
1587,13.669766209838238
1588,62.298188144831386
1589,146.4420348907514
1590,285.2806877217154
1591,444.17386233734925
1592,540.2171546541578
1593,591.6629561766481
1594,627.2480856917648
1595,621.5637901198471
1596,616.0985948296368
1597,569.2287059431981
1598,550.0315546368163
1599,443.0377736375805
1600,324.98188458449016
1601,191.5991710779327
1602,116.43212350589121
1603,65.19628539442182
1604,17.2543860669756
1605,2.0525009721690806
1606,0.646965325500611
1607,0.39467433023430554
1608,0.2832114196380126
1609,0.24073203939311624
1610,0.0
1611,9.11336357516749
1612,21.102068725672535
1613,35.97940559235301
1614,57.65630280569512
1615,81.11753671984651
1616,93.53817378531134
1617,97.4162583727517
1618,120.10903966060452
1619,154.2156462729656
1620,230.85778023959855
1621,298.0206943761963
1622,294.98799448227027
1623,275.6550478044989
1624,214.78731867969998
1625,131.2693988463938
1626,95.46151914488453
1627,47.997986887856094
1628,15.091351763797176
1629,1.3897270246077407
1630,0.002852160260955647
1631,0.0
1632,0.0014007181302139735
1633,0.0
1634,1.4783082021096174
1635,15.423383191749776
1636,47.943879170608646
1637,76.97107330512756
1638,152.72236767314476
1639,225.67364293051222
1640,300.37364063896166
1641,303.84032321064234
1642,321.540948852613
1643,327.3742692244008
1644,363.25331056939314
1645,404.19951025534243
1646,316.9190337066076
1647,261.2372291076121
1648,166.49407039969174
1649,99.05154657098856
1650,66.02903022443752
1651,29.064899254957638
1652,9.224577603608392
1653,1.6848916735205615
1654,0.42159310585293064
1655,0.21471358783457248
1656,0.0
1657,0.0
1658,0.0
1659,10.232279626574456
1660,21.856762233950942
1661,37.2413852142497
1662,80.9809118708145
1663,127.60900197319758
1664,232.3347177809987
1665,211.16795622501792
1666,204.45346927680492
1667,189.02940558579218
1668,171.8905166945524
1669,155.96233898487358
1670,118.83974418611132
1671,116.1036015309973
1672,81.6982181746098
1673,62.253344077552825
1674,49.740306669023326
1675,30.925767835222327
1676,11.403903083020968
1677,2.7294549512888358
1678,0.10007685189902792
1679,0.0
1680,0.0
1681,0.0
1682,0.0
1683,9.508126876460135
1684,31.22372603971305
1685,76.01389940659294
1686,130.17296601833257
1687,218.33990689028812
1688,252.71488995071877
1689,154.26711265811863
1690,154.8779008435228
1691,176.4221985841366
1692,220.5103654236394
1693,221.9001338555232
1694,230.0491895185095
1695,275.109949886729
1696,262.74369283263843
1697,178.29111154603837
1698,120.61827784623493
1699,67.81333853194914
1700,25.741057322001918
1701,3.208755108189659
1702,0.0
1703,0.03036303272592333
1704,0.0
1705,0.0
1706,3.7213818722587733
1707,22.891536192273403
1708,56.57091013773734
1709,105.40228809854345
1710,149.20241685291765
1711,198.58692328603024
1712,223.35049039908705
1713,253.57401369929093
1714,245.66745430673933
1715,258.48588322258803
1716,277.11523950387516
1717,258.0154822553902
1718,259.8236346615946
1719,260.1745928656272
1720,185.38556213109018
1721,111.26328739521661
1722,63.270391470330374
1723,35.57589927649631
1724,12.360315539671012
1725,3.0918019387514937
1726,0.18732163100496965
1727,0.1786793476311571
1728,0.06872402948516243
1729,0.07652945397262836
1730,1.9927134949857557
1731,18.46738080622018
1732,45.43220036760003
1733,85.53919919257154
1734,148.9263854310679
1735,185.9108416743317
1736,209.40587068269252
1737,228.8554348856989
1738,252.17009181390677
1739,259.7054057352471
1740,211.96086893237504
1741,206.40816251279423
1742,212.69901849127828
1743,193.94924304252558
1744,151.90226229830833
1745,120.83733125826095
1746,88.74137233344005
1747,58.92591815607387
1748,28.442556464701163
1749,4.600742018235707
1750,0.0
1751,0.08868949969091923
1752,0.0
1753,0.0
1754,3.3834419201462937
1755,17.535931693235344
1756,50.992181365099505
1757,97.17149326438759
1758,155.0323359887977
1759,209.1491853054915
1760,295.682276344145
1761,312.06054835777604
1762,300.1868370699583
1763,304.9365376490867
1764,276.1059086955991
1765,243.13157039724362
1766,209.01520327574863
1767,144.25876693920023
1768,122.86328468643153
1769,84.15612863766306
1770,53.5493194546634
1771,33.231646858559486
1772,13.219956683736505
1773,3.373223681244336
1774,0.1678193141211248
1775,0.11370436454939688
1776,0.0
1777,0.0
1778,0.0
1779,8.177534628511419
1780,26.385378296893546
1781,65.70820782405676
1782,102.72786761315506
1783,115.96366001007989
1784,138.24119855329224
1785,149.823661367226
1786,169.93997161063157
1787,196.10136037861423
1788,201.21765793235068
1789,194.439935471042
1790,180.74315043507832
1791,158.07147838356607
1792,134.85460169060724
1793,103.49710745411946
1794,62.08776442361005
1795,43.82245707618405
1796,19.65357729680322
1797,4.095883618554026
1798,0.17165025378616688
1799,0.11332546579110032
1800,0.0
1801,0.0
1802,0.0
1803,11.938917360702375
1804,37.22648213621517
1805,62.00768205599794
1806,100.2965931836846
1807,150.11750378878097
1808,205.29216188588603
1809,232.27159802604058
1810,241.42858727908484
1811,257.5970467289022
1812,284.4273009820084
1813,279.54662646468046
1814,222.75867906241712
1815,184.56872226076936
1816,182.17532720672915
1817,163.4690782402504
1818,105.99770651430315
1819,49.239579688984946
1820,19.77185850837013
1821,4.32354005699627
1822,0.1726986860055865
1823,0.11593363600624813
1824,0.0
1825,0.0
1826,0.0
1827,10.91771184687117
1828,34.07539244705383
1829,63.76172329889801
1830,88.5058373973515
1831,115.84876571561024
1832,135.1774688091544
1833,142.07637943804224
1834,150.6506510421291
1835,166.08788403634614
1836,184.77704794905904
1837,214.23113797628326
1838,194.07432759408982
1839,154.8072558567313
1840,140.3913081915922
1841,131.56392569183294
1842,102.61120491366796
1843,68.09417625997183
1844,35.64901289527288
1845,10.163089763175304
1846,0.34131161613805067
1847,0.0
1848,0.0
1849,0.0
1850,2.792127762069952
1851,30.693636357642166
1852,94.03310559196042
1853,195.64381362123856
1854,352.68012897897336
1855,487.2034054396969
1856,579.0363020124531
1857,627.6404914490937
1858,655.7382172859279
1859,671.6779241039493
1860,674.3398291440138
1861,634.1369121207031
1862,561.1741107339034
1863,480.25529404670993
1864,366.68553046634054
1865,251.53540874546712
1866,150.40320758637012
1867,82.57780215791357
1868,46.81059947393389
1869,12.986236226997852
1870,1.6107812942671171
1871,1.182291554943912
1872,0.2463080993530297
1873,0.1808129476152062
1874,2.507610846385103
1875,32.683574780230074
1876,92.03803269192676
1877,172.48634644577976
1878,271.16788931628537
1879,381.4033802460926
1880,457.54244150679494
1881,554.171067592122
1882,554.185172894498
1883,501.68785547404497
1884,366.4095949848999
1885,259.7409724968623
1886,191.40745237814784
1887,247.0182181994304
1888,249.21865246107726
1889,163.88703064995715
1890,103.09771227693557
1891,59.737800526594995
1892,34.664929618633366
1893,11.046457068827248
1894,1.6334834788427475
1895,0.8206707584818486
1896,0.0
1897,0.0
1898,2.3549997654152315
1899,14.799322487627096
1900,56.71608329730272
1901,114.53666893898587
1902,258.5602175318168
1903,388.92461453950824
1904,483.69704039733847
1905,473.7401732695231
1906,516.1999436550025
1907,592.1809263989292
1908,600.7422629458491
1909,595.4204095385672
1910,560.6173343492692
1911,487.1338149415725
1912,371.02120229839875
1913,267.05861138208707
1914,169.224786280802
1915,87.78024038616032
1916,51.258668707377055
1917,13.758568505413136
1918,1.7249961725491252
1919,1.0899221161025054
1920,0.2586753979262391
1921,0.5285911672242128
1922,5.019733082861269
1923,29.600049601917316
1924,81.72433031675544
1925,178.77187445410675
1926,308.1837778756561
1927,434.24099914861966
1928,518.9349728433591
1929,587.6983616754943
1930,627.0032440719934
1931,648.6980982471101
1932,666.9234179433208
1933,652.9611164218471
1934,581.1952509921903
1935,506.0828804146017
1936,386.2043257624843
1937,274.01068524187093
1938,179.91017231082066
1939,92.06923769525724
1940,54.44213775672215
1941,14.463604895905394
1942,2.0689297546302776
1943,1.0910925472818618
1944,0.0
1945,0.0
1946,4.588710191177014
1947,33.687018827806554
1948,82.8374734960532
1949,151.01699870936034
1950,305.82619128671735
1951,481.3879460710116
1952,567.5676504686423
1953,600.090307080383
1954,613.1197206346919
1955,571.7111932691087
1956,511.40972051987853
1957,593.898069793641
1958,475.59920912537416
1959,381.66332293529433
1960,311.9309988376834
1961,216.3430013083601
1962,138.99938029925306
1963,81.74406996993224
1964,38.11029789713413
1965,10.42180269573058
1966,1.2827469926767074
1967,0.41022288956434616
1968,0.0
1969,0.1873756092853896
1970,0.0
1971,7.673088320715555
1972,30.829959243496564
1973,78.22399583181783
1974,112.4497050716099
1975,187.40903279128608
1976,201.13604605787344
1977,139.04589236559627
1978,186.03238923770746
1979,386.4970945986436
1980,459.99117155647815
1981,546.8763897951917
1982,511.3026934612108
1983,448.7808178813577
1984,331.2465532514131
1985,231.77302281438685
1986,138.75411643523478
1987,72.29554524284599
1988,42.788987152399415
1989,12.678982158161821
1990,2.050853158586708
1991,1.0119812994776978
1992,0.0
1993,0.0
1994,0.0
1995,9.509949367725756
1996,26.721874309698716
1997,38.55552565350707
1998,57.64810745354161
1999,114.21466687716085
2000,157.96770196673492
2001,184.64594199847667
2002,160.35153995207565
2003,142.5144493710727
2004,164.43327759338698
2005,227.61492744284405
2006,338.45401225127125
2007,383.2109811558732
2008,276.95246977279766
2009,181.6053344021896
2010,120.86213389071803
2011,67.91582277475993
2012,36.59287088114162
2013,9.435536882632658
2014,1.5746399617379225
2015,0.4740249593121865
2016,0.0
2017,0.16877359574461293
2018,4.958371946694719
2019,31.26431544180316
2020,86.49295983156114
2021,173.0968299726012
2022,308.54013846016505
2023,400.3229067423564
2024,464.78639721600723
2025,518.7941507413964
2026,531.5501093156034
2027,548.2366643520611
2028,528.8569097272424
2029,496.7212029077298
2030,430.6479512225258
2031,362.59509981311413
2032,272.54252381721346
2033,193.4107402496087
2034,116.35524484730506
2035,63.31906578901362
2036,34.32095711055396
2037,11.210972338137086
2038,1.0756095855239742
2039,0.7376339250479271
2040,0.0
2041,0.0
2042,4.329413800741493
2043,29.603077014176705
2044,79.52455504828613
2045,149.03896083035409
2046,271.95903217481197
2047,383.34650841370564
2048,490.44687449995786
2049,542.2659146513371
2050,590.082974135975
2051,613.3265698221511
2052,622.0125964449684
2053,587.0358598002398
2054,506.6839887506537
2055,413.95047470641833
2056,290.3581304156382
2057,209.5013714868965
2058,123.84125476174195
2059,74.74971323433887
2060,38.5243574644378
2061,11.694990654024723
2062,1.9835077203629639
2063,0.9114196264866629
2064,0.0
2065,0.0
2066,3.34723439622229
2067,34.72037608211006
2068,57.80655255591342
2069,85.95239640075697
2070,129.06646383260434
2071,144.49939789683344
2072,157.30015904130832
2073,179.921473816028
2074,227.1608073344139
2075,191.0992904256678
2076,177.27755778260072
2077,187.71706622455554
2078,179.71418297042607
2079,151.33954505070457
2080,114.01072561522832
2081,81.0985002148614
2082,54.859344292794894
2083,35.56989660494895
2084,16.04097536688428
2085,4.657711791360194
2086,0.0
2087,0.0
2088,0.0
2089,0.0
2090,0.0
2091,6.235657153174158
2092,22.337224583752953
2093,32.69783968404066
2094,59.19745368460211
2095,93.5616167558824
2096,99.20337737504357
2097,103.71929201377955
2098,127.38493879541679
2099,136.53316382926135
2100,153.29820470918054
2101,164.39072473169935
2102,154.10637412596614
2103,154.80164227744433
2104,124.70659152673187
2105,83.07277894602481
2106,64.79549194089074
2107,42.73694388286891
2108,22.5656765548632
2109,7.950127677211649
2110,1.2668435650720182
2111,0.5685438480418794
2112,0.06230031732726872
2113,0.12652797393533977
2114,2.4577061383974135
2115,21.41787100543052
2116,52.37118126493384
2117,98.93780583712092
2118,147.57477924366316
2119,229.42390088027918
2120,299.07317763697046
2121,334.57463882081356
2122,362.5032899204213
2123,348.8722168918042
2124,343.2358946018677
2125,360.69836901905194
2126,299.6909319389532
2127,236.56794800663346
2128,156.29363984781648
2129,115.71455691830151
2130,70.64865572840402
2131,39.71892261623343
2132,26.103526845615075
2133,7.218733219292638
2134,0.7664251310274405
2135,0.6525803886971439
2136,0.17103510735829813
2137,0.0
2138,0.3276019784730014
2139,10.61554003389656
2140,28.82206498100157
2141,37.68602645547807
2142,47.46348939087026
2143,80.02739394172472
2144,137.09276876763343
2145,208.96145948338358
2146,243.90590758878386
2147,258.4702983456204
2148,281.85877331052666
2149,281.7358593119283
2150,189.6588027943597
2151,144.04219979101194
2152,96.97867169691023
2153,81.26819838623958
2154,65.05852967615091
2155,43.84084528346919
2156,28.706433254117417
2157,8.507260742112459
2158,0.7045782487937609
2159,0.7072924929859018
